Date,Open,High,Low,Close,Volume
Today-0,8.1,8.25,8.08,8.22,14926536
Today-1,8.18,8.32,8.03,8.23,18426773
Today-2,8.28,8.3,8.09,8.24,18819098
Today-3,8.47,8.49,8.25,8.33,18586025
Today-4,8.32,8.49,8.25,8.4,21103872
Today-5,8.36,8.43,8.1,8.33,22946453
Today-6,8.16,8.6,8.16,8.29,36249141
Today-7,8.1,8.25,8.06,8.22,40250162
Today-8,7.55,8.04,7.5,7.83,42749899
Today-9,7.76,7.83,7.4,7.49,33411509
Today-10,7.61,7.78,7.53,7.75,29765929
Today-11,7.49,7.54,7.35,7.49,25064255
Today-12,7.66,7.68,7.34,7.48,36811917
Today-13,7.53,7.73,7.5,7.68,28030183
Today-14,8.14,8.15,7.51,7.54,64327155
Today-15,7.88,8.02,7.85,8.02,25167839
Today-16,8.13,8.17,7.9,7.93,22737610
Today-17,8.2,8.24,8.07,8.1,22018488
Today-18,8.2,8.2,8.2,8.2,0
Today-19,8.44,8.46,8.24,8.26,31566690
Today-20,8.41,8.5,8.36,8.39,34000956
Today-21,8.77,8.8,8.33,8.36,82092327
Today-22,9.05,9.25,8.92,9.19,42653985
Today-23,8.73,8.86,8.63,8.83,14066578
Today-24,8.92,8.94,8.67,8.69,21206650
Today-25,8.74,8.95,8.72,8.91,19461197
Today-26,8.56,8.84,8.54,8.77,26881409
Today-27,8.44,8.55,8.39,8.47,21158712
Today-28,8.14,8.19,8.05,8.18,7972474
Today-29,8.1,8.15,8.1,8.14,6213426
Today-30,8.1,8.15,8.06,8.08,6926378
Today-31,8.07,8.17,8.05,8.09,6142744
Today-32,8,8.08,7.93,8.05,8494263
Today-33,8.04,8.04,8.04,8.04,0
Today-34,8.17,8.18,8.09,8.11,9203963
Today-35,8.27,8.32,8.13,8.14,9688764
Today-36,8.09,8.24,8.06,8.24,14044546
Today-37,8.05,8.1,7.86,8.1,26008035
Today-38,8.01,8.12,7.96,8.03,9938392
Today-39,8,8.24,7.97,8.02,17187734
Today-40,8.23,8.27,8,8.05,15773249
Today-41,8.13,8.43,8.1,8.23,29524463
Today-42,8,8.12,7.89,8.07,15132057
Today-43,8.21,8.23,7.91,7.95,16828966
Today-44,7.98,8.2,7.95,8.17,19988192
Today-45,7.91,8.14,7.9,8.02,31780196
Today-46,7.65,7.87,7.61,7.82,22910669
Today-47,7.53,7.7,7.5,7.65,17233471
Today-48,7.56,7.63,7.49,7.54,19546298
Today-49,7.41,7.6,7.37,7.51,23889218
Today-50,7.29,7.37,7.26,7.29,12927084
Today-51,7.47,7.5,7.26,7.38,15582749
Today-52,7.6,7.65,7.51,7.55,4053140
Today-53,7.62,7.62,7.62,7.62,0
Today-54,7.32,7.41,7.26,7.32,10390228
Today-55,7.44,7.56,7.3,7.41,12076004
Today-56,7.36,7.53,7.27,7.47,14475907
Today-57,7.43,7.48,7.3,7.35,13952545
Today-58,7.32,7.43,7.24,7.33,17762886
Today-59,7.49,7.65,7.42,7.43,26841302
Today-60,7.75,7.82,7.56,7.56,15867507
Today-61,7.59,7.85,7.5,7.63,34476677
Today-62,7.56,7.68,7.46,7.63,17950332
Today-63,7.89,7.94,7.7,7.75,31317217
Today-64,8.22,8.24,7.85,7.91,42726424
Today-65,8.03,8.22,8.03,8.14,28472157
Today-66,8.03,8.16,7.97,8.04,24719272
Today-67,7.71,8,7.67,8,29583602
Today-68,7.52,7.67,7.47,7.64,20363675
Today-69,7.41,7.63,7.4,7.54,21752435
Today-70,7.48,7.5,7.3,7.36,20608654
Today-71,7.61,7.63,7.31,7.34,26841308
Today-72,7.36,7.68,7.34,7.63,32454471
Today-73,7.17,7.35,7.16,7.35,18477004
Today-74,7.2,7.3,7.14,7.2,16119868
Today-75,6.96,7.33,6.94,7.26,37048035
Today-76,6.86,7,6.86,6.89,21183504
Today-77,6.87,6.95,6.79,6.89,23156084
Today-78,6.98,7.05,6.8,6.82,45596656
Today-79,6.86,7.14,6.8,6.95,39344178
Today-80,7.11,7.13,6.89,6.96,26666614
Today-81,7.36,7.39,7.01,7.12,37688092
Today-82,7.23,7.25,7,7.14,36306659
Today-83,7.45,7.48,7.22,7.22,32282929
Today-84,7.26,7.35,7.16,7.3,27727451
Today-85,7.1,7.28,7.08,7.24,24693912
Today-86,6.87,7.1,6.79,7.05,25394071
Today-87,6.89,6.93,6.77,6.87,21005551
Today-88,7.01,7.05,6.78,6.86,23477360
Today-89,7.04,7.12,6.89,6.98,36286399
Today-90,7.03,7.08,6.84,6.94,23042402
Today-91,7.2,7.26,7.01,7.05,27516506
Today-92,7.39,7.44,6.99,7.11,38516451
Today-93,6.87,7.34,6.85,7.28,44249366
Today-94,7.06,7.09,6.87,6.95,32223219
Today-95,6.92,7.24,6.84,7.02,56271695
Today-96,6.6,6.85,6.6,6.84,53726812
Today-97,6.2,6.59,6.14,6.4,39689673
Today-98,6.12,6.27,6.06,6.26,27103956
Today-99,6.1,6.25,6.06,6.17,20617371
Today-100,6.16,6.17,6.02,6.09,22914125
Today-101,6.21,6.22,6.09,6.12,20223610
Today-102,6.21,6.25,6.1,6.15,21556780
Today-103,6.25,6.29,6.13,6.22,18351797
Today-104,6.16,6.47,6.08,6.27,33687366
Today-105,5.89,6.34,5.89,6.18,51746705
Today-106,5.88,5.9,5.67,5.81,23117739
Today-107,5.94,5.94,5.82,5.86,17213358
Today-108,5.96,5.96,5.79,5.83,19381333
Today-109,6.04,6.18,5.95,5.95,21679594
Today-110,6.09,6.09,6.09,6.09,0
Today-111,6.09,6.09,6.09,6.09,0
Today-112,5.82,5.96,5.7,5.93,24415616
Today-113,5.75,5.86,5.68,5.76,35001639
Today-114,5.69,5.8,5.57,5.61,28579484
Today-115,6.02,6.08,5.77,5.78,23624183
Today-116,5.94,6.09,5.53,6.08,49326757
Today-117,6.19,6.22,5.83,5.87,28964661
Today-118,5.92,6.18,5.85,6.13,27783291
Today-119,6,6.21,5.94,5.99,32887239
Today-120,6.3,6.36,6.11,6.14,22094579
Today-121,6.36,6.44,6.19,6.25,23001204
Today-122,6.48,6.55,6.28,6.42,21658462
Today-123,6.62,6.66,6.51,6.57,20111950
Today-124,6.72,6.77,6.62,6.63,14696974
Today-125,6.47,6.71,6.43,6.62,20080912
Today-126,6.6,6.72,6.47,6.49,24334443
Today-127,6.35,6.75,6.26,6.57,55112384
Today-128,6.63,6.68,6.41,6.49,54955874
Today-129,7.06,7.13,6.75,6.83,80795897
Today-130,7.48,7.52,7.38,7.42,26505642
Today-131,7.49,7.72,7.43,7.45,33055447
Today-132,7.49,7.62,7.45,7.5,14588674
Today-133,7.55,7.61,7.44,7.52,18850497
Today-134,7.57,7.59,7.41,7.51,20269150
Today-135,7.63,7.77,7.47,7.65,29113451
Today-136,7.61,7.67,7.41,7.49,35906116
Today-137,7.88,7.88,7.58,7.78,40214111
Today-138,8.09,8.2,7.88,7.98,30818453
Today-139,8.14,8.25,8.03,8.21,34587643
Today-140,7.82,8.1,7.68,8.07,32465537
Today-141,7.57,7.84,7.46,7.82,28582316
Today-142,7.49,7.68,7.36,7.61,25153142
Today-143,7.61,7.65,7.35,7.4,28179170
Today-144,7.21,7.63,7.15,7.6,30643457
Today-145,7.41,7.54,7.22,7.44,27900951
Today-146,7.28,7.59,7.11,7.37,72988575
Today-147,7.46,7.48,7.18,7.41,51384055
Today-148,7.82,7.82,7.33,7.44,49139681
Today-149,7.6,7.69,7.43,7.52,39013880
Today-150,7.38,7.6,7.32,7.36,36052919
Today-151,7.34,7.35,7.14,7.34,20377695
Today-152,7.52,7.52,7.22,7.37,21849440
Today-153,7.04,7.41,7.04,7.39,23676822
Today-154,7.4,7.42,6.96,7.04,25874774
Today-155,7.17,7.17,7.17,7.17,0
Today-156,7.17,7.17,7.17,7.17,0
Today-157,7.35,7.53,7.1,7.39,27291521
Today-158,7.58,7.65,7.3,7.32,26412777
Today-159,7.93,7.93,7.41,7.48,43871479
Today-160,8.14,8.24,7.96,8.05,21560464
Today-161,8.22,8.22,7.93,8.09,22859302
Today-162,8.51,8.57,8.05,8.13,31289698
Today-163,8.63,8.8,8.48,8.56,23040880
Today-164,8.81,9.02,8.54,8.58,23877542
Today-165,9.03,9.16,8.71,8.8,25879664
Today-166,8.92,9.05,8.77,8.83,16527151
Today-167,9.05,9.05,8.71,8.91,21711991
Today-168,8.73,9.19,8.65,8.9,33580509
Today-169,8.35,8.88,8.34,8.82,35702433
Today-170,8.31,8.45,8.24,8.28,21795543
Today-171,7.85,8.18,7.81,8.12,21057078
Today-172,7.78,8.04,7.74,8.01,27991246
Today-173,7.91,8.05,7.58,7.61,24760274
Today-174,7.75,7.88,7.42,7.77,36013476
Today-175,8.2,8.22,7.64,7.71,27240359
Today-176,8.42,8.66,8.01,8.1,37657449
Today-177,8.59,8.73,8.36,8.69,22540839
Today-178,8.26,8.54,8.11,8.54,24161868
Today-179,8.43,8.43,8.14,8.14,31201195
Today-180,8.57,8.57,8.57,8.57,0
Today-181,8.57,8.57,8.57,8.57,0
Today-182,8.45,8.8,8.4,8.8,24225622
Today-183,8.39,8.59,8.18,8.22,37483054
Today-184,7.75,8.15,7.68,8.15,30416396
Today-185,8.32,8.56,8.07,8.09,24554963
Today-186,7.87,8.55,7.75,8.4,39736534
Today-187,8.27,8.37,8,8.09,37505361
Today-188,8.23,8.63,8.2,8.47,29870317
Today-189,8.96,9.01,8.37,8.42,29721554
Today-190,8.75,8.87,8.47,8.85,27726628
Today-191,9.24,9.31,8.57,8.8,59026743
Today-192,9.52,9.78,9.32,9.42,33222657
Today-193,9.2,9.58,9.15,9.49,33570361
Today-194,8.85,9.29,8.75,9.07,41070188
Today-195,8.92,9.03,8.31,8.99,34701662
Today-196,8.3,8.67,7.92,8.38,48469410
Today-197,8.58,8.72,7.81,8.27,44875372
Today-198,8.44,8.88,8.35,8.58,36757287
Today-199,9.08,9.08,8.54,8.68,46482481
Today-200,9.18,9.38,9.02,9.29,27511436
Today-201,9.72,9.72,9.06,9.07,37982099
Today-202,9.7,9.78,9.59,9.72,14359570
Today-203,9.69,9.8,9.35,9.55,23028231
Today-204,9.84,10.06,9.53,9.58,27168932
Today-205,9.8,10.15,9.7,9.97,24343237
Today-206,9.81,9.85,9.61,9.76,18841609
Today-207,9.57,9.9,9.45,9.86,22389586
Today-208,9.8,9.91,9.49,9.78,28669264
Today-209,9.74,9.81,9.63,9.77,21252322
Today-210,9.73,9.84,9.29,9.58,27876052
Today-211,9.78,9.9,9.37,9.81,67758404
Today-212,9.97,10.24,9.9,10.16,55096424
Today-213,9.82,9.96,9.71,9.89,29201348
Today-214,9.42,9.59,9.35,9.56,15125201
Today-215,9.37,9.53,9.35,9.42,16582698
Today-216,9.49,9.58,9.28,9.3,24215465
Today-217,9.63,9.63,9.33,9.42,21499492
Today-218,9.38,9.83,9.25,9.66,29129812
Today-219,9.44,9.49,9.18,9.35,18741699
Today-220,9.47,9.54,9.42,9.53,10471390
Today-221,9.37,9.37,9.37,9.37,0
Today-222,9.37,9.37,9.37,9.37,0
Today-223,9.15,9.44,9.13,9.27,12850824
Today-224,9.21,9.28,9.09,9.27,13453061
Today-225,9.08,9.2,9.06,9.11,9631894
Today-226,9.11,9.19,8.91,9.02,12159435
Today-227,9.35,9.44,9.02,9.03,15831988
Today-228,9.38,9.38,9.2,9.23,12097754
Today-229,9.34,9.49,9.26,9.45,10624620
Today-230,8.91,9.32,8.79,9.31,15104156
Today-231,9.38,9.41,9.1,9.11,15937974
Today-232,9.62,9.66,9.26,9.39,17776516
Today-233,9.47,9.74,9.42,9.67,23577626
Today-234,8.95,9.42,8.94,9.4,25360638
Today-235,8.88,8.95,8.8,8.92,11428806
Today-236,9.04,9.04,8.9,8.93,12804631
Today-237,8.91,9,8.74,8.95,15989301
Today-238,8.6,9.09,8.59,8.92,23426886
Today-239,8.5,8.69,8.43,8.63,17665818
Today-240,8.66,8.69,8.51,8.64,12762955
Today-241,8.55,8.7,8.48,8.61,14832871
Today-242,8.37,8.5,8.28,8.5,14452939
Today-243,8.44,8.55,8.28,8.35,14261534
Today-244,8.33,8.6,8.29,8.38,25506034
Today-245,7.94,8.25,7.94,8.21,14860117
Today-246,7.83,7.96,7.68,7.91,17089777
Today-247,7.88,7.89,7.62,7.89,20956780
Today-248,7.78,8.1,7.77,8.05,16543733
Today-249,7.91,7.94,7.69,7.79,15569003
Today-250,7.96,8,7.83,7.9,9715211
Today-251,7.82,7.99,7.82,7.93,8111129
Today-252,7.98,8.08,7.87,7.95,14677002
Today-253,8.11,8.2,7.94,8.03,12028648
Today-254,7.91,8.14,7.87,8.06,13582540
Today-255,7.87,7.87,7.87,7.87,0
Today-256,7.87,7.87,7.87,7.87,0
Today-257,7.67,7.9,7.6,7.84,14974197
Today-258,7.47,7.71,7.45,7.64,17270734
Today-259,7.59,7.64,7.42,7.54,19978077
Today-260,7.38,7.62,7.28,7.42,24304201
Today-261,7.13,7.37,6.98,7.35,28808221
Today-262,7.64,7.65,7.1,7.19,33172122
Today-263,7.83,7.96,7.76,7.81,14524359
Today-264,7.74,7.96,7.72,7.91,21118021
Today-265,7.61,7.98,7.53,7.98,25476319
Today-266,8.01,8.1,7.3,7.46,37457655
Today-267,8.24,8.25,7.71,7.88,32087073
Today-268,8.03,8.22,7.91,8.19,26833066
Today-269,8.03,8.19,7.93,8.09,20948317
Today-270,8.01,8.14,7.93,8.07,20568128
Today-271,8.55,8.56,7.82,7.88,69136346
Today-272,9.01,9.1,8.77,8.99,37888647
Today-273,8.98,9,8.76,8.87,22813520
Today-274,8.84,9.21,8.84,9.01,24875646
Today-275,8.84,8.84,8.84,8.84,0
Today-276,8.84,8.84,8.84,8.84,0
Today-277,9.18,9.26,8.92,9,22658744
Today-278,8.71,9.2,8.55,9.15,32741845
Today-279,8.89,8.92,8.52,8.65,33392719
Today-280,9.38,9.44,9.08,9.14,23700035
Today-281,9.37,9.47,9.29,9.43,13757290
Today-282,9.51,9.55,9.18,9.47,26806740
Today-283,9.68,9.76,9.55,9.57,18651454
Today-284,9.71,9.9,9.68,9.71,22145696
Today-285,9.79,9.9,9.68,9.7,18748684
Today-286,9.68,9.68,9.68,9.68,0
Today-287,9.68,9.68,9.68,9.68,0
Today-288,9.63,9.83,9.58,9.72,14409023
Today-289,9.81,9.91,9.44,9.75,20989817
Today-290,9.97,10.04,9.71,9.83,17267535
Today-291,9.91,9.91,9.91,9.91,0
Today-292,9.79,9.95,9.78,9.91,11331966
Today-293,9.45,9.69,9.42,9.67,19549476
Today-294,9.55,9.76,9.29,9.43,26229838
Today-295,9.09,9.59,9.01,9.53,30448719
Today-296,9,9.12,8.93,9.05,15956227
Today-297,9.03,9.3,9,9.12,19954297
Today-298,9.14,9.39,8.82,9.15,43168457
Today-299,8.65,9.08,8.57,8.82,30516341
Today-300,8.81,8.84,8.58,8.68,24243895
Today-301,8.61,8.69,8.43,8.64,20052824
Today-302,8.82,8.9,8.57,8.58,26101809
Today-303,8.81,8.87,8.55,8.71,30330713
Today-304,8.43,8.82,8.34,8.67,41626124
Today-305,8.25,8.61,8.23,8.52,45635334
Today-306,8.09,8.25,7.65,7.86,43885482
Today-307,7.37,8.23,7.36,8.03,69019798
Today-308,7.21,7.5,7.21,7.3,26906678
Today-309,7.11,7.25,7.01,7.2,23139794
Today-310,6.9,7.01,6.78,7.01,19388290
Today-311,6.69,7,6.68,6.85,16185078
Today-312,7.11,7.11,7.11,7.11,0
Today-313,7.01,7.12,6.96,7.11,16390278
Today-314,7.01,7.07,6.83,6.95,18553668
Today-315,7.03,7.15,6.94,7,29284207
Today-316,6.9,7,6.8,6.95,28226658
Today-317,7.2,7.3,6.78,7.05,65901326
Today-318,6.71,7.33,6.7,7.32,79142342
Today-319,6.37,6.64,6.35,6.62,26742052
Today-320,6.56,6.7,6.32,6.43,48804243
Today-321,6.26,6.56,6.17,6.53,68142367
Today-322,6.64,6.73,6.35,6.48,163101651
Today-323,5.23,5.35,5.2,5.32,24533117
Today-324,5.2,5.31,5.07,5.14,16308302
Today-325,5.12,5.24,5.1,5.21,15821097
Today-326,4.84,5.05,4.79,5.04,20953164
Today-327,4.81,4.86,4.72,4.83,14731083
Today-328,4.71,4.88,4.67,4.69,25223444
Today-329,4.49,4.65,4.33,4.64,23046609
Today-330,4.68,4.78,4.44,4.6,23897848
Today-331,4.98,4.98,4.54,4.6,31600816
Today-332,4.95,5.1,4.9,4.93,27195245
Today-333,4.98,5.02,4.75,4.85,30672834
Today-334,5.42,5.47,5.07,5.15,31154125
Today-335,5.62,5.71,5.34,5.42,26803351
Today-336,5.93,5.93,5.52,5.6,26662829
Today-337,5.76,5.87,5.61,5.83,21176828
Today-338,5.89,6.07,5.7,5.77,27058711
Today-339,5.94,6.18,5.92,5.98,35585706
Today-340,5.78,5.89,5.68,5.87,20547580
Today-341,5.89,5.94,5.65,5.74,62203039
Today-342,6.21,6.23,6.05,6.19,37778481
Today-343,6.31,6.36,6.16,6.25,32294336
Today-344,6.21,6.22,6.06,6.08,29647011
Today-345,6.13,6.29,6.08,6.14,38595798
Today-346,5.51,5.9,5.51,5.88,27334048
Today-347,5.58,5.67,5.46,5.51,20299283
Today-348,5.66,5.69,5.52,5.54,16911010
Today-349,5.67,5.78,5.53,5.64,21915875
Today-350,5.15,5.63,5.12,5.54,29235244
Today-351,5.22,5.45,5.05,5.31,31827024
Today-352,5.62,5.65,5.27,5.39,42759467
Today-353,5.8,5.85,5.59,5.66,37566192
Today-354,5.85,6.1,5.72,5.78,31086453
Today-355,5.87,6.06,5.79,5.94,20247028
Today-356,5.52,5.83,5.51,5.83,29829936
Today-357,6.06,6.09,5.57,5.66,36318169
Today-358,6.18,6.28,6,6.02,34413518
Today-359,5.91,6.3,5.84,6.08,39994236
Today-360,5.57,5.89,5.56,5.81,26292661
Today-361,5.74,5.75,5.43,5.7,34251725
Today-362,5.69,5.78,5.55,5.67,38172306
Today-363,5.85,5.87,5.57,5.69,43399681
Today-364,5.77,5.94,5.72,5.88,26757246
Today-365,5.62,5.78,5.51,5.72,27629004
Today-366,5.49,5.75,5.45,5.68,48505609
Today-367,5.29,5.45,5.2,5.38,39108307
Today-368,5.15,5.3,5,5.2,44415855
Today-369,4.6,5.24,4.57,5.19,73416692
Today-370,4.55,4.56,4.38,4.53,19625758
Today-371,4.39,4.56,4.35,4.53,33189725
Today-372,4.19,4.33,4.13,4.28,19010749
Today-373,4.36,4.57,4.18,4.22,32602588
Today-374,4.32,4.38,4.23,4.36,22133852
Today-375,4.45,4.55,4.3,4.47,41971883
Today-376,4.04,4.26,4,4.23,26165437
Today-377,4.03,4.08,4,4.06,20686151
Today-378,4.13,4.14,4.02,4.02,28064998
Today-379,3.93,4.1,3.88,4,49754942
Today-380,3.53,3.71,3.51,3.7,20139517
Today-381,3.53,3.55,3.49,3.52,6537198
Today-382,3.49,3.52,3.47,3.52,10937418
Today-383,3.55,3.58,3.49,3.56,23278791
Today-384,3.55,3.61,3.52,3.55,15706401
Today-385,3.66,3.76,3.59,3.69,23178539
Today-386,3.61,3.71,3.52,3.68,22053439
Today-387,3.6,3.63,3.56,3.59,13472641
Today-388,3.71,3.71,3.65,3.68,10704346
Today-389,3.77,3.77,3.66,3.7,12272205
Today-390,3.75,3.79,3.66,3.71,11660178
Today-391,3.77,3.79,3.7,3.75,12174409
Today-392,3.75,3.85,3.68,3.76,20097448
Today-393,3.75,3.78,3.7,3.74,12875162
Today-394,3.66,3.73,3.65,3.66,14288699
Today-395,3.78,3.81,3.65,3.66,20841807
Today-396,3.77,3.79,3.65,3.71,18390961
Today-397,3.77,3.81,3.7,3.77,15671459
Today-398,3.82,3.84,3.71,3.8,15802763
Today-399,3.56,3.81,3.54,3.77,25206542
Today-400,3.54,3.6,3.49,3.59,26307823
Today-401,3.54,3.64,3.41,3.55,66623153
Today-402,4.25,4.25,3.95,4.08,47575665
Today-403,4.03,4.18,4,4.17,30769355
Today-404,3.95,4,3.89,4,15927867
Today-405,3.9,3.95,3.76,3.92,18804473
Today-406,3.8,3.97,3.8,3.86,35985633
Today-407,3.59,3.61,3.49,3.55,14482241
Today-408,3.53,3.6,3.36,3.56,15494743
Today-409,3.43,3.56,3.42,3.49,13017044
Today-410,3.43,3.56,3.38,3.48,20002954
Today-411,3.43,3.49,3.22,3.36,32724948
Today-412,3.63,3.63,3.35,3.43,20511771
Today-413,3.74,3.77,3.5,3.55,26789331
Today-414,3.78,3.78,3.78,3.78,0
Today-415,3.84,3.89,3.76,3.78,13415294
Today-416,3.93,4.05,3.88,3.91,25980241
Today-417,3.77,3.98,3.74,3.87,24138001
Today-418,3.72,3.78,3.65,3.72,14896136
Today-419,3.69,3.71,3.62,3.62,16782549
Today-420,3.62,3.68,3.53,3.64,14539238
Today-421,3.63,3.78,3.6,3.66,19674163
Today-422,3.67,3.69,3.42,3.55,21411855
Today-423,3.84,3.86,3.61,3.62,21564842
Today-424,3.92,3.98,3.86,3.87,20843164
Today-425,4.03,4.07,3.81,3.85,29208632
Today-426,4.13,4.17,3.86,4.08,32809351
Today-427,4.3,4.35,4.1,4.13,27530356
Today-428,4.39,4.45,4.21,4.26,27471619
Today-429,4.75,4.79,4.33,4.47,39939436
Today-430,4.83,4.87,4.68,4.7,15851641
Today-431,4.81,4.86,4.7,4.82,18331721
Today-432,4.7,4.8,4.68,4.75,18776996
Today-433,4.58,4.67,4.5,4.61,12342349
Today-434,4.84,4.87,4.61,4.63,18784702
Today-435,4.57,4.74,4.54,4.65,19728220
Today-436,4.55,4.6,4.34,4.48,19096525
Today-437,4.68,4.7,4.55,4.56,24960256
Today-438,4.69,4.9,4.64,4.73,26633158
Today-439,4.71,4.78,4.38,4.54,24539680
Today-440,4.75,4.84,4.54,4.7,18383897
Today-441,4.57,4.8,4.55,4.71,21521553
Today-442,4.26,4.57,4.23,4.53,16125431
Today-443,4.43,4.43,4.25,4.26,8277097
Today-444,4.45,4.46,4.25,4.34,14492201
Today-445,4.57,4.76,4.44,4.5,25227552
Today-446,4.3,4.5,4.24,4.39,23195951
Today-447,4.19,4.25,4.06,4.14,19665706
Today-448,4.26,4.37,3.93,4.01,30105058
Today-449,4.35,4.57,4.07,4.24,33867544
Today-450,4.36,4.67,4.33,4.38,35483246
Today-451,4.41,4.5,4.13,4.35,29756636
Today-452,3.9,4.37,3.87,4.22,25404589
Today-453,4.12,4.15,3.84,3.93,14319154
Today-454,4.22,4.35,3.91,4.01,23407989
Today-455,4.45,4.45,4.12,4.31,15085285
Today-456,4.36,4.39,4.11,4.32,16371122
Today-457,3.9,4.3,3.83,4.26,21256393
Today-458,3.55,3.9,3.55,3.82,16242485
Today-459,3.55,3.73,3.53,3.61,18200030
Today-460,3.4,3.56,3.38,3.51,11549800
Today-461,3.41,3.55,3.35,3.41,12109634
Today-462,3.43,3.61,3.42,3.47,11960896
Today-463,3.55,3.75,3.48,3.51,18545445
Today-464,3.37,3.55,3.26,3.53,18626484
Today-465,3.2,3.45,3.17,3.33,23889817
Today-466,3.23,3.36,3.2,3.36,14244496
Today-467,3.43,3.45,3.26,3.31,10503391
Today-468,3.58,3.6,3.49,3.56,12230777
Today-469,3.52,3.6,3.47,3.57,10120770
Today-470,3.53,3.59,3.32,3.44,15603091
Today-471,3.59,3.85,3.53,3.63,14713741
Today-472,3.75,3.78,3.54,3.61,16038532
Today-473,3.75,3.75,3.75,3.75,0
Today-474,3.78,3.92,3.68,3.75,19033932
Today-475,3.5,3.73,3.43,3.68,16876874
Today-476,3.41,3.49,3.39,3.44,11662906
Today-477,3.3,3.56,3.25,3.53,15237607
Today-478,3.13,3.43,3.07,3.43,16133139
Today-479,3.19,3.25,3.04,3.16,22519222
Today-480,2.98,3.21,2.92,3.02,31558450
Today-481,3.31,3.36,3.04,3.05,20778494
Today-482,3.2,3.29,3.1,3.19,12112569
Today-483,3.43,3.55,3.35,3.37,11207185
Today-484,3.3,3.59,3.21,3.56,24287452
Today-485,3.21,3.78,2.93,3.17,33629924
Today-486,2.96,3.2,2.88,3.14,19895904
Today-487,2.87,3.03,2.83,3.02,13738403
Today-488,2.97,3.1,2.67,2.67,17894080
Today-489,3.04,3.19,2.84,2.96,18554447
Today-490,2.76,2.97,2.73,2.97,14561139
Today-491,2.48,2.88,2.43,2.76,22848568
Today-492,2.51,2.72,2.44,2.48,22781877
Today-493,2.39,2.6,2.35,2.52,14898435
Today-494,2.3,2.44,2.27,2.4,14601341
Today-495,2.33,2.35,2.25,2.31,11985983
Today-496,2.21,2.35,2.19,2.32,14928471
Today-497,2.11,2.26,2.1,2.14,9493642
Today-498,2.19,2.22,2.09,2.14,9515169
Today-499,2.21,2.3,2.14,2.16,10533497
Today-500,2.15,2.33,2.14,2.3,21190007
Today-501,2.14,2.19,2.07,2.07,18597817
Today-502,2.13,2.21,2.01,2.01,15345047
Today-503,2.08,2.2,2.05,2.18,14342225
Today-504,2.26,2.28,2.09,2.09,11036981
Today-505,2.13,2.28,2.07,2.22,13087124
Today-506,2.05,2.18,2.02,2.12,12784210
Today-507,2.09,2.09,2.01,2.02,10437571
Today-508,2.07,2.13,2,2.03,12688880
Today-509,2.3,2.3,2.11,2.12,12278669
Today-510,2.35,2.5,2.12,2.2,18643182
Today-511,2.3,2.4,2.28,2.37,15593366
Today-512,2.3,2.46,2.25,2.42,15058817
Today-513,2.18,2.3,2.11,2.28,12085117
Today-514,2.16,2.21,2.09,2.15,11799302
Today-515,2.36,2.4,2,2.11,24520018
Today-516,2.36,2.41,2.33,2.36,9922018
Today-517,2.42,2.47,2.33,2.41,12618460
Today-518,2.26,2.44,2.21,2.36,17011761
Today-519,2.22,2.51,2.15,2.27,15477626
Today-520,2.16,2.23,2.11,2.21,8596170
Today-521,2.15,2.22,2.07,2.15,8111345
Today-522,2.22,2.29,2.16,2.19,11038192
Today-523,2.29,2.29,2.18,2.2,8306201
Today-524,2.23,2.45,2.17,2.35,19556954
Today-525,2.06,2.19,2.04,2.14,12923869
Today-526,2.08,2.14,2,2.01,15754290
Today-527,1.86,2.23,1.86,2.07,26602508
Today-528,2.15,2.18,1.97,2.02,21451460
Today-529,2.05,2.25,2.03,2.25,11918032
Today-530,2.23,2.29,2,2,12995098
Today-531,2.32,2.4,2.2,2.29,15185543
Today-532,2.15,2.3,2.05,2.26,16104341
Today-533,2.29,2.3,2.11,2.15,14823493
Today-534,2.42,2.47,2.3,2.38,21161214
Today-535,2.69,2.69,2.45,2.52,13088992
Today-536,2.79,2.83,2.63,2.69,9734103
Today-537,2.64,2.74,2.51,2.74,13412977
Today-538,2.72,2.72,2.55,2.66,14032158
Today-539,2.75,2.85,2.55,2.78,23899128
Today-540,2.37,2.68,2.35,2.67,19337614
Today-541,2.19,2.43,2.17,2.38,13837209
Today-542,2.16,2.16,2.16,2.16,0
Today-543,2.2,2.2,2.11,2.16,10236735
Today-544,2.13,2.21,2.1,2.21,10322035
Today-545,2.26,2.27,2.06,2.1,11003881
Today-546,2.1,2.21,2.04,2.18,9547851
Today-547,1.99,1.99,1.99,1.99,0
Today-548,1.98,2.03,1.97,1.99,2912312
Today-549,2.07,2.08,1.95,1.96,10142276
Today-550,2.26,2.26,1.93,2.02,16355779
Today-551,2.33,2.33,2.18,2.27,13528874
Today-552,2.26,2.34,2.2,2.23,12659965
Today-553,2.21,2.3,2.18,2.29,8399937
Today-554,2.28,2.28,2.15,2.25,10897662
Today-555,2.26,2.35,2.15,2.21,6393949
Today-556,2.11,2.32,2.05,2.28,14431561
Today-557,2.17,2.28,2.1,2.2,10984141
Today-558,2.27,2.3,2.19,2.2,11249539
Today-559,2.05,2.29,2.01,2.27,22854848
Today-560,2.25,2.3,2.02,2.1,22654436
Today-561,2.05,2.22,2,2.13,18832127
Today-562,2,2.35,1.92,2.08,32672655
Today-563,1.95,2.37,1.92,2.2,31258205
Today-564,2.1,2.15,1.96,2.03,13840838
Today-565,2.31,2.33,1.98,2,17180949
Today-566,2.2,2.37,2.15,2.36,8960181
Today-567,2.13,2.13,2.13,2.13,0
Today-568,1.85,2.17,1.8,2.13,23993706
Today-569,1.92,1.96,1.78,1.8,16335972
Today-570,1.9,1.94,1.75,1.86,22669692
Today-571,1.99,2.02,1.62,1.82,22947219
Today-572,2.1,2.15,1.88,1.91,22740877
Today-573,2.51,2.54,2.11,2.12,17283826
Today-574,2.68,2.69,2.4,2.5,13317138
Today-575,2.5,2.65,2.47,2.5,14355000
Today-576,2.65,2.66,2.37,2.43,23803200
Today-577,2.71,2.75,2.3,2.7,28120385
Today-578,2.87,2.89,2.57,2.57,20544654
Today-579,3.02,3.06,2.83,2.96,10509290
Today-580,3.29,3.29,3.01,3.04,8401863
Today-581,3.25,3.41,3.06,3.16,15505100
Today-582,3.47,3.5,3.09,3.17,20464800
Today-583,3.68,3.79,3.54,3.55,13294400
Today-584,3.82,3.84,3.6,3.8,20779600
Today-585,3.59,3.87,3.54,3.61,17800600
Today-586,3.4,3.71,3.36,3.5,16522000
Today-587,3.2,3.59,3.15,3.56,24108400
Today-588,3,3.15,2.86,2.98,19681400
Today-589,3.13,3.14,2.65,2.84,24296700
Today-590,2.96,3.02,2.84,2.94,16525700
Today-591,2.91,3.19,2.78,3.03,25279000
Today-592,3.62,3.68,3.2,3.28,23726400
Today-593,3.86,3.91,3.59,3.62,15800500
Today-594,4.03,4.08,3.88,3.91,13539300
Today-595,4.25,4.31,4,4.11,22428300
Today-596,4.4,4.52,4.09,4.21,38153700
Today-597,4.01,4.23,3.65,4.12,27889500
Today-598,4.27,4.27,3.91,3.91,22979400
Today-599,4.5,4.52,4.15,4.27,27124800
Today-600,4.24,4.25,3.91,4.21,15939200
Today-601,3.85,4.3,3.51,3.81,32813100
Today-602,4.22,4.44,4.04,4.04,28794400
Today-603,4.45,4.74,3.99,4.05,45668700
Today-604,5.27,5.56,4.23,4.59,73468700
Today-605,4.26,4.36,4.01,4.23,25555700
Today-606,4.32,4.81,4.21,4.53,38046000
Today-607,4.6,4.85,4.13,4.14,24872900
Today-608,4.55,5,4.53,4.74,23960000
Today-609,4.49,5.25,4.22,5.25,18326000
Today-610,5,6,3,4.29,32115000
Today-611,5.01,5.21,4.96,5.16,19191100
Today-612,4.95,5.29,4.91,5.23,25772200
Today-613,5.03,5.05,4.85,4.88,13166800
Today-614,5.05,5.17,4.89,4.94,21424500
Today-615,5.4,5.42,4.96,4.99,14676500
Today-616,5.63,5.68,5.23,5.42,21662200
Today-617,4.98,5.39,4.8,5.3,30510200
Today-618,5.13,5.29,4.85,4.9,25788700
Today-619,4.96,5.27,4.8,5.26,24560500
Today-620,5.31,5.63,5.18,5.18,16137900
Today-621,5.7,5.84,5.61,5.75,22527700
Today-622,5.61,5.85,5.51,5.71,17886200
Today-623,5.82,5.88,5.61,5.78,14976700
Today-624,6.07,6.1,5.62,5.77,21254300
Today-625,6.23,6.3,5.93,6.07,19320000
Today-626,5.63,5.99,5.34,5.96,22477200
Today-627,6.12,6.18,5.77,5.84,24516100
Today-628,6.34,6.45,6.07,6.15,24772800
Today-629,6.37,6.47,6.15,6.34,24626600
Today-630,6.14,6.35,6.1,6.29,15732200
Today-631,6.14,6.25,6.1,6.25,11291200
Today-632,5.91,6.14,5.9,6.07,14158800
Today-633,5.98,6.02,5.87,5.93,17287100
Today-634,5.93,6.18,5.82,5.93,24326800
Today-635,5.88,6,5.7,5.81,16932000
Today-636,5.58,5.82,5.54,5.76,14773300
Today-637,5.7,5.85,5.52,5.7,20595900
Today-638,5.72,5.9,5.54,5.58,19610700
Today-639,5.7,5.91,5.58,5.91,36831300
Today-640,5.37,5.87,5.25,5.64,33268900
Today-641,5.15,5.37,5.14,5.3,18886200
Today-642,5.2,5.23,5,5.15,18895700
Today-643,5.2,5.35,5.12,5.21,30566600
Today-644,5.1,5.2,5.03,5.11,15598900
Today-645,5.19,5.26,5.05,5.13,22083000
Today-646,4.71,5.17,4.66,5.03,32512500
Today-647,4.62,4.8,4.48,4.8,14444400
Today-648,4.62,4.65,4.47,4.6,14016800
Today-649,4.31,4.52,4.29,4.48,15730000
Today-650,4.26,4.32,4.05,4.28,23193600
Today-651,4.18,4.37,4.13,4.21,14656900
Today-652,4.28,4.28,4.11,4.23,18906500
Today-653,4.2,4.25,4.11,4.21,18589500
Today-654,4.38,4.39,4.18,4.19,17054400
Today-655,4.42,4.44,4.27,4.36,14693700
Today-656,4.68,4.73,4.33,4.37,18471300
Today-657,4.45,4.69,4.44,4.67,22610100
Today-658,4.52,4.59,4.32,4.41,28604000
Today-659,4.73,4.75,4.56,4.59,22854800
Today-660,4.91,5,4.58,4.65,58263300
Today-661,5.25,5.32,4.82,5.3,34541200
Today-662,4.9,5.09,4.68,5.06,23586900
Today-663,4.68,4.88,4.53,4.72,26804700
Today-664,4.92,4.96,4.72,4.82,22276000
Today-665,4.75,4.93,4.6,4.84,29781700
Today-666,5.11,5.12,4.75,4.96,45267600
Today-667,5.55,5.59,5.01,5.06,35585800
Today-668,5.38,5.54,5.29,5.53,29134800
Today-669,5.47,5.67,5.22,5.38,25602200
Today-670,5.48,5.55,5.01,5.3,23141700
Today-671,5.77,5.84,5.42,5.44,23426900
Today-672,5.71,5.82,5.4,5.65,32165700
Today-673,6.01,6.04,5.67,5.83,26823700
Today-674,6.15,6.22,5.85,5.95,22927800
Today-675,6.33,6.33,6,6.13,28948200
Today-676,6.36,6.58,6.33,6.43,26912400
Today-677,6.49,6.49,6.22,6.24,37188900
Today-678,7.13,7.17,6.51,6.55,29543900
Today-679,7.24,7.25,6.96,6.99,22203900
Today-680,7.33,7.4,7.02,7.33,20468600
Today-681,7.66,7.7,7.27,7.29,22820800
Today-682,7.88,7.94,7.58,7.72,24823400
Today-683,7.47,7.77,7.41,7.71,17996000
Today-684,7.23,7.55,7.23,7.52,19347000
Today-685,7.09,7.36,7.09,7.14,21977900
Today-686,7.43,7.43,6.92,6.96,26432400
Today-687,7.58,7.65,7.38,7.43,23367400
Today-688,7.57,7.98,7.44,7.68,26655600
Today-689,7.69,7.7,7.42,7.43,29719400
Today-690,7.31,7.79,7.29,7.78,39961400
Today-691,6.85,7.3,6.81,7.19,33220300
Today-692,6.84,6.87,6.72,6.81,15510200
Today-693,6.88,6.88,6.74,6.8,10713200
Today-694,6.86,6.95,6.71,6.88,20705600
Today-695,6.82,6.9,6.75,6.77,12490700
Today-696,7.01,7.07,6.74,6.82,18044200
Today-697,6.91,7,6.79,6.92,13040400
Today-698,7.02,7.06,6.76,6.88,13306700
Today-699,7.16,7.19,7.01,7.07,11470700
Today-700,7.16,7.26,7.05,7.08,13231700
Today-701,7.07,7.23,7,7.12,18406100
Today-702,7.31,7.48,7.06,7.1,23432900
Today-703,7.48,7.48,7.17,7.26,17900300
Today-704,7.17,7.42,7.16,7.41,16850500
Today-705,7.26,7.42,7.1,7.16,24725900
Today-706,7.19,7.32,7.11,7.19,15110100
Today-707,6.97,7.3,6.97,7.16,23844600
Today-708,6.9,7.06,6.73,6.94,15162400
Today-709,6.99,7.24,6.67,6.93,30191400
Today-710,7.15,7.27,6.86,6.91,26690200
Today-711,6.45,7.41,6.44,7.12,73628800
Today-712,6.16,6.59,6.11,6.53,40829900
Today-713,6.28,6.34,6.09,6.16,15786900
Today-714,5.98,6.29,5.97,6.22,19266100
Today-715,6.04,6.07,5.93,5.96,13991300
Today-716,5.98,6.07,5.95,6.02,10539600
Today-717,6.06,6.11,6,6,7835900
Today-718,6.09,6.1,5.93,6.06,10960800
Today-719,5.94,6.13,5.83,6.03,20040900
Today-720,6.03,6.07,5.86,5.92,23238300
Today-721,6.14,6.14,5.93,5.96,14677700
Today-722,6.1,6.14,5.95,6.14,14546400
Today-723,6.38,6.39,5.98,6.11,32368500
Today-724,6.06,6.3,6,6.19,23146200
Today-725,5.93,6.17,5.83,6.07,26503000
Today-726,5.91,5.91,5.61,5.78,22443400
Today-727,6.06,6.09,5.83,5.86,18298600
Today-728,6.21,6.29,5.97,6.01,22084500
Today-729,6.27,6.48,6.23,6.27,21646100
Today-730,6.09,6.3,5.98,6.26,26659700
Today-731,6.11,6.18,5.95,6.03,60102200
Today-732,6.31,6.47,6.27,6.34,24106700
Today-733,6.24,6.33,6.16,6.23,20918400
Today-734,6.16,6.29,6.15,6.26,39445000
Today-735,6.08,6.37,6.08,6.19,29819800
Today-736,5.93,6.11,5.89,6.07,16005100
Today-737,5.82,6.02,5.78,5.89,18770800
Today-738,6.22,6.22,5.76,5.91,35564400
Today-739,6.33,6.33,6.16,6.16,11315000
Today-740,6.27,6.3,6.12,6.22,16197800
Today-741,6.29,6.34,6.15,6.3,16295400
Today-742,6.2,6.34,6.13,6.21,17924300
Today-743,6.11,6.22,6.07,6.11,25528400
Today-744,6.43,6.45,6.11,6.15,19646200
Today-745,6.43,6.54,6.27,6.39,21657600
Today-746,6.21,6.41,6.16,6.34,19127800
Today-747,6.83,6.83,6.35,6.38,25062700
Today-748,6.33,6.78,6.31,6.73,23549100
Today-749,6.49,6.65,6.31,6.43,18951200
Today-750,6.28,6.49,6.13,6.48,25027400
Today-751,6.6,6.6,6.13,6.16,19780700
Today-752,6.44,6.75,6.31,6.49,28703600
Today-753,6.85,6.85,6.45,6.49,21015600
Today-754,6.85,7.04,6.75,6.84,22547500
Today-755,6.66,6.78,6.38,6.76,31067100
Today-756,7.21,7.21,6.63,6.76,32943300
Today-757,6.98,7.34,6.97,7.21,27230200
Today-758,7.17,7.25,6.91,7.02,17103100
Today-759,7.05,7.48,6.97,7.28,19277600
Today-760,6.95,7.19,6.86,7.13,21190600
Today-761,6.64,6.99,6.64,6.97,17479800
Today-762,7.03,7.03,6.45,6.71,26308800
Today-763,6.88,7.18,6.88,6.96,26285000
Today-764,6.5,6.96,6.5,6.83,22541100
Today-765,6.64,6.74,6.49,6.5,15823500
Today-766,6.53,6.61,6.36,6.45,14065000
Today-767,6.78,6.93,6.52,6.53,20781000
Today-768,6.49,6.72,6.47,6.7,21648700
Today-769,6.4,6.61,6.31,6.41,25139700
Today-770,6.36,6.42,6.23,6.28,23623800
Today-771,6.58,6.63,6.22,6.34,30383500
Today-772,6.64,6.76,6.43,6.59,35831500
Today-773,7.38,7.38,6.68,6.74,29290400
Today-774,7.77,7.86,7.21,7.21,28388100
Today-775,8.07,8.08,7.8,7.92,15751000
Today-776,7.78,8.03,7.6,8,26070500
Today-777,7.5,7.69,7.38,7.59,20867200
Today-778,7.6,7.75,7.45,7.61,21105400
Today-779,7.49,7.65,7.25,7.61,20384100
Today-780,7.1,7.49,6.98,7.46,19792800
Today-781,7.66,7.78,7.07,7.15,29169400
Today-782,7.73,7.79,7.43,7.58,33240900
Today-783,6.65,7.59,6.6,7.56,45487900
Today-784,6.57,7.09,6.57,6.83,27974800
Today-785,6.85,7.15,6.8,7.07,59139300
Today-786,6.7,6.92,6.22,6.34,37913800
Today-787,5.89,6.91,5.8,6.57,52105800
Today-788,6.28,6.35,6.01,6.12,29712900
Today-789,6.48,6.54,6.25,6.41,29447000
Today-790,6.07,6.44,6.02,6.25,41042800
Today-791,5.52,6,5.42,5.96,54421500
Today-792,6.06,6.06,5.31,5.53,50499400
Today-793,6.18,6.38,5.97,6,37169500
Today-794,6.37,6.41,6.02,6.08,31853400
Today-795,6.64,6.64,6.1,6.25,50890100
Today-796,7.15,7.18,6.75,6.77,34433900
Today-797,7.4,7.4,7.02,7.14,45596000
Today-798,7.26,7.6,7.26,7.5,19426200
Today-799,7.55,7.58,7.3,7.32,17944100
Today-800,7.74,7.78,7.51,7.53,16273500
Today-801,7.81,7.88,7.68,7.77,12178100
Today-802,7.78,7.88,7.68,7.77,9131400
Today-803,8.04,8.05,7.66,7.79,26066900
Today-804,8.1,8.11,7.91,7.97,23822100
Today-805,7.7,8.04,7.54,7.98,44002800
Today-806,8.07,8.1,7.62,7.68,38792700
Today-807,8.4,8.42,7.93,7.95,29538300
Today-808,8.85,8.85,8.42,8.43,26504600
Today-809,8.91,9.01,8.42,8.84,44785400
Today-810,9.24,9.39,8.83,8.97,38645300
Today-811,9.26,9.53,9.04,9.07,39130600
Today-812,9.12,9.34,9.05,9.18,23583900
Today-813,9.08,9.08,8.79,9.05,26958100
Today-814,8.95,9.13,8.86,9.07,29829700
Today-815,9.27,9.49,8.83,8.91,69233800
Today-816,9.6,9.64,9.22,9.25,28500700
Today-817,9.82,9.9,9.62,9.66,23075400
Today-818,10.24,10.3,9.65,9.76,33178300
Today-819,10.34,10.39,10,10.14,49989900
Today-820,10.24,10.49,10.15,10.35,14752700
Today-821,10.35,10.36,9.8,10.15,37360900
Today-822,10.83,10.92,10.21,10.27,25576000
Today-823,11,11.02,10.6,10.78,9164800
Today-824,11.15,11.5,10.52,10.83,34381500
Today-825,12.17,12.25,11.18,11.28,42774900
Today-826,12.54,12.61,12.03,12.07,18279000
Today-827,12.89,13.27,12.35,12.64,25335100
Today-828,12.24,12.92,12.16,12.7,22068800
Today-829,12.45,12.57,12.22,12.28,15399100
Today-830,12.11,12.45,12.01,12.4,14416200
Today-831,12.32,12.43,11.92,11.95,17137800
Today-832,12.18,12.65,12.08,12.37,17093800
Today-833,13.04,13.39,12.05,12.51,28774200
Today-834,13.14,13.45,13,13.01,17731200
Today-835,13.45,13.8,13.34,13.43,18136000
Today-836,13.06,13.56,12.96,13.42,21718100
Today-837,12.96,13.22,12.68,13.17,13918800
Today-838,12.99,13.04,12.75,12.8,13124800
Today-839,13.08,13.14,12.95,13.08,9872700
Today-840,12.9,13.15,12.9,13,10501700
Today-841,12.98,13.15,12.86,12.88,9500400
Today-842,12.94,13.09,12.76,12.89,12222800
Today-843,13.22,13.22,12.55,12.75,22138900
Today-844,13.5,13.58,12.9,13.12,26802100
Today-845,13.83,13.85,13.52,13.73,14564400
Today-846,13.6,13.9,13.5,13.75,17182300
Today-847,14.49,14.5,13.62,13.8,44584000
Today-848,14.02,14.73,13.95,14.55,39465400
Today-849,14.37,14.47,13.98,14.11,22193500
Today-850,13.9,14.24,13.84,13.96,18708700
Today-851,13.9,14.06,13.81,13.98,13125700
Today-852,13.71,14.15,13.71,13.94,15753400
Today-853,14.1,14.23,13.62,13.8,26292300
Today-854,13.84,14.06,13.69,14.02,31936700
Today-855,13.67,13.82,13.5,13.79,14550800
Today-856,13.55,13.84,13.52,13.63,9843200
Today-857,13.41,13.9,13.37,13.63,20335400
Today-858,13.26,13.42,13.13,13.35,16018700
Today-859,12.97,13.29,12.8,13.23,31148400
Today-860,13.08,13.22,13,13.2,18302700
Today-861,13.25,13.45,13.15,13.23,18050900
Today-862,13.25,13.39,13.12,13.2,15637200
Today-863,13.76,13.77,13.22,13.28,28293400
Today-864,13.9,13.92,13.69,13.75,15957100
Today-865,13.4,13.9,13.34,13.81,20576900
Today-866,13.34,13.55,13.25,13.48,26793400
Today-867,13.43,13.48,13.19,13.24,14536800
Today-868,13.09,13.52,13.05,13.35,22203500
Today-869,13.41,13.53,13.01,13.1,27296000
Today-870,12.92,13.36,12.85,13.3,27448600
Today-871,12.85,12.96,12.7,12.84,14572300
Today-872,12.6,12.79,12.57,12.69,12170400
Today-873,12.91,12.92,12.65,12.73,14485900
Today-874,12.95,13.13,12.76,12.83,18838400
Today-875,13.06,13.09,12.86,12.97,20060000
Today-876,12.92,13.11,12.68,12.94,31280400
Today-877,12.75,12.81,12.55,12.61,13138700
Today-878,12.95,13.1,12.75,12.94,12418100
Today-879,13.15,13.23,12.75,12.9,18373700
Today-880,13.17,13.44,13.06,13.17,28117700
Today-881,12.72,13.04,12.56,13,25478500
Today-882,12.13,12.78,12.02,12.42,30216900
Today-883,11.76,12.32,11.73,12.3,24631300
Today-884,11.9,12.05,11.66,11.66,14270800
Today-885,12.08,12.25,11.95,11.98,14233000
Today-886,12.06,12.13,11.92,12.13,12567600
Today-887,11.98,12.24,11.82,12.06,22264000
Today-888,12.25,12.44,11.96,12.01,26605200
Today-889,12.17,12.26,12.07,12.17,11989600
Today-890,12.05,12.26,11.84,12.1,23571900
Today-891,12.04,12.17,11.71,11.89,27511900
Today-892,11.86,11.9,11.27,11.64,31701200
Today-893,12.45,12.54,11.85,11.95,24727100
Today-894,12.87,12.92,12.45,12.54,20901800
Today-895,13.22,13.22,12.76,12.84,20152500
Today-896,12.96,13.19,12.77,13.01,23253800
Today-897,12.9,13.36,12.86,13.08,58489100
Today-898,12.82,13.6,12.7,13.42,31686500
Today-899,12.66,12.8,12.38,12.63,24753100
Today-900,12.91,12.92,12.38,12.77,39081900
Today-901,13.36,13.43,12.85,12.85,25148500
Today-902,13.49,13.6,13.3,13.4,17763600
Today-903,13.48,13.63,13.03,13.41,24810200
Today-904,13.97,13.99,13.39,13.54,35329000
Today-905,14.02,14.08,13.56,13.79,27349000
Today-906,14.76,14.76,13.84,13.87,50619700
Today-907,15.44,15.61,14.33,14.73,55516600
Today-908,15.38,15.69,15.26,15.58,37335700
Today-909,15.23,15.41,15.05,15.21,30815200
Today-910,15.51,15.65,15.12,15.36,21520600
Today-911,16.15,16.19,15.41,15.5,39641700
Today-912,15.68,15.85,15.45,15.78,36621800
Today-913,15.45,15.66,15.02,15.46,38318200
Today-914,15.85,15.96,15.61,15.84,24712500
Today-915,15.45,15.94,15.4,15.72,32831400
Today-916,15.42,15.5,15.15,15.43,20338300
Today-917,14.85,15.4,14.65,15.36,39698500
Today-918,14.46,14.74,14.34,14.65,23371400
Today-919,14.5,14.65,14.42,14.43,17442500
Today-920,14.53,14.76,14.42,14.57,19601700
Today-921,14.24,14.48,14.18,14.39,19885000
Today-922,14.42,14.45,14.11,14.19,16565000
Today-923,14.38,14.49,14.24,14.36,7518600
Today-924,14.26,14.41,14.12,14.36,16673300
Today-925,14.57,14.61,14.26,14.3,20728400
Today-926,14.74,14.83,14.49,14.49,17538400
Today-927,14.09,14.64,14.07,14.58,24078000
Today-928,14.38,14.44,14.05,14.18,17447900
Today-929,14.68,14.75,14.2,14.28,21183300
Today-930,14.69,14.84,14.39,14.57,27720000
Today-931,13.89,14.88,13.83,14.72,56581500
Today-932,13.55,13.82,13.51,13.64,30539100
Today-933,13.48,13.63,13.28,13.57,24515600
Today-934,13.65,13.65,13.5,13.51,18185600
Today-935,13.85,13.95,13.53,13.63,24652900
Today-936,13.97,14.03,13.71,13.78,21230600
Today-937,13.86,14.05,13.75,13.96,20012400
Today-938,13.75,14.1,13.73,13.8,24059300
Today-939,14.12,14.25,13.82,13.91,22496000
Today-940,13.77,14.17,13.73,14.07,41790000
Today-941,13.56,14.02,13.56,13.68,33580000
Today-942,13.86,13.86,13.59,13.63,22987600
Today-943,14.07,14.15,13.84,13.98,25385600
Today-944,14.25,14.4,14.11,14.17,19394100
Today-945,14.3,14.62,14.27,14.31,17620400
Today-946,14.43,14.43,14.24,14.27,13754900
Today-947,14.36,14.48,14.22,14.37,18769700
Today-948,14.97,15,14.41,14.6,22325600
Today-949,15.01,15.03,14.59,14.76,22702800
Today-950,15.16,15.25,14.81,14.88,20217500
Today-951,15.31,15.46,15.16,15.21,17278400
Today-952,15.48,15.6,15.1,15.42,22013700
Today-953,15.63,15.77,15.39,15.43,24433400
Today-954,15.54,15.75,15.29,15.59,25617600
Today-955,15.62,15.95,15.4,15.43,29080100
Today-956,15.36,15.63,15.17,15.58,27169400
Today-957,15.55,15.75,15.26,15.4,40654300
Today-958,14.94,15.43,14.84,15.36,48712400
Today-959,14.16,14.69,14.1,14.68,42666000
Today-960,13.48,14.14,13.42,14.05,52514900
Today-961,13.11,13.59,13.03,13.57,24933300
Today-962,13.27,13.3,13,13.18,24172000
Today-963,13.58,13.65,13.27,13.28,16852400
Today-964,13.79,13.8,13.48,13.53,15108500
Today-965,13.93,14.06,13.65,13.69,21391900
Today-966,13.62,13.74,13.35,13.63,25455800
Today-967,13.86,13.96,13.45,13.54,27059800
Today-968,14.27,14.28,13.81,13.82,20833700
Today-969,14.33,14.45,14.21,14.32,23265600
Today-970,14.7,14.7,14.38,14.5,25383900
Today-971,14.59,14.73,14.4,14.65,37619000
Today-972,13.76,14.66,13.6,14.57,21248800
Today-973,14.03,14.23,13.97,14.04,26076900
Today-974,14.57,14.75,13.68,14.16,50225000
Today-975,13.91,14.67,13.87,14.28,51203600
Today-976,13.42,14.13,13.41,13.91,35942200
Today-977,13.48,13.62,13.41,13.47,15232500
Today-978,13.6,13.65,13.37,13.52,22737600
Today-979,13.78,13.79,13.35,13.57,28919100
Today-980,13.25,13.69,13.24,13.66,30738900
Today-981,13.26,13.38,13.15,13.19,26123500
Today-982,13.41,13.54,13.2,13.27,31239000
Today-983,13.4,13.61,13.13,13.35,50520600
Today-984,12.68,12.87,12.6,12.86,13803800
Today-985,12.81,12.87,12.67,12.71,15047800
Today-986,12.86,13,12.71,12.9,18076300
Today-987,13.08,13.09,12.81,12.83,16485000
Today-988,13.09,13.18,12.97,13.06,17903800
Today-989,13.45,13.46,12.96,13.08,28308900
Today-990,13.45,13.5,13.38,13.38,17639400
Today-991,13.56,13.66,13.47,13.5,12354000
Today-992,13.55,13.73,13.41,13.55,13879100
Today-993,13.35,13.62,13.35,13.5,14090800
Today-994,13.65,13.76,13.32,13.35,28106400
Today-995,13.45,14.05,13.37,13.6,48533500
Today-996,13.7,13.74,13.36,13.41,25230000
Today-997,14.01,14.01,13.66,13.72,15884400
Today-998,14,14.16,13.84,14.01,19775400
Today-999,14.09,14.23,13.92,13.93,14421400
Today-1000,13.82,14.17,13.7,14.13,25230200
Today-1001,14.04,14.12,13.76,13.94,23113000
Today-1002,14.09,14.27,14.04,14.17,14496100
Today-1003,14.26,14.33,14.13,14.2,18946600
Today-1004,14.2,14.27,13.96,14.19,20926300
Today-1005,14.02,14.22,13.9,14.1,21103200
Today-1006,14.18,14.35,14.02,14.09,17737600
Today-1007,13.6,14,13.53,13.95,29840000
Today-1008,14.69,14.74,14.13,14.18,49412200
Today-1009,14.76,14.98,14.76,14.79,25364300
Today-1010,15.3,15.3,14.96,15.07,31334400
Today-1011,15.35,15.44,14.86,15.08,41767000
Today-1012,14.83,15.73,14.8,15.68,65536900
Today-1013,14.59,14.76,14.59,14.69,22552900
Today-1014,14.66,14.7,14.43,14.55,26652000
Today-1015,14.83,14.85,14.52,14.56,23948600
Today-1016,14.93,15.01,14.7,14.92,21902100
Today-1017,14.8,15,14.7,14.94,15853300
Today-1018,15,15.02,14.75,14.83,15788800
Today-1019,14.65,15.13,14.61,14.95,31850500
Today-1020,14.75,14.86,14.47,14.6,17760300
Today-1021,14.96,15.01,14.66,14.69,19217900
Today-1022,15.22,15.26,14.8,14.9,30523000
Today-1023,15.4,15.46,15.11,15.13,24623400
Today-1024,15.39,15.55,15.36,15.5,17195500
Today-1025,15.62,15.67,15.13,15.32,31818000
Today-1026,15.74,15.8,15.52,15.6,18407800
Today-1027,15.9,15.91,15.66,15.69,20170500
Today-1028,15.65,15.85,15.57,15.77,23388100
Today-1029,15.83,15.89,15.52,15.55,29671000
Today-1030,16,16,15.65,15.79,20318900
Today-1031,16.21,16.23,15.85,15.95,29837100
Today-1032,16.15,16.27,16.01,16.22,28557300
Today-1033,16.14,16.41,16,16.05,30246400
Today-1034,16.24,16.45,15.93,16.03,71276100
Today-1035,17.6,17.7,17.37,17.51,22413900
Today-1036,17.59,17.64,17.26,17.53,23942400
Today-1037,17.81,17.98,17.66,17.73,22577100
Today-1038,18.07,18.18,17.76,17.92,21623100
Today-1039,17.9,18.28,17.9,18.2,20993400
Today-1040,18.15,18.35,17.95,18.13,37491700
Today-1041,18.63,18.77,17.62,18.26,11903500
Today-1042,19.8,20.63,19.8,20.18,22692000
Today-1043,19.64,20.02,19.5,20.01,19722000
Today-1044,19.45,19.71,19.37,19.65,14296500
Today-1045,19.71,19.86,19.25,19.47,15721700
Today-1046,19.54,19.91,19.54,19.71,15765100
Today-1047,19.66,19.86,19.32,19.79,23556700
Today-1048,20.08,20.4,19.35,19.52,27739300
Today-1049,20.5,20.73,20.3,20.35,11577300
Today-1050,20.56,20.75,20.52,20.57,7979100
Today-1051,20.71,20.84,20.5,20.7,9857800
Today-1052,20.89,20.89,20.45,20.6,7171400
Today-1053,21,21.2,20.68,20.77,10612200
Today-1054,21.97,22,20.91,20.95,22462200
Today-1055,21.61,21.99,21.61,21.85,11282500
Today-1056,21.83,22.01,21.6,21.64,19426000
Today-1057,22.05,22.21,21.72,21.97,23973600
Today-1058,22.95,23,22.02,22.12,34060800
Today-1059,20.22,22.8,20.22,22.71,75846200
Today-1060,20.58,20.74,19.9,20.17,27948200
Today-1061,20.62,20.79,20.37,20.47,15803300
Today-1062,21.02,21.09,20.61,20.69,15361900
Today-1063,21.01,21.15,20.69,20.93,19437100
Today-1064,21.53,21.73,21.03,21.05,17609200
Today-1065,21.18,21.59,21.07,21.49,16906100
Today-1066,21.04,21.49,21.04,21.34,16926700
Today-1067,21,21.33,20.65,21.04,17920100
Today-1068,21.3,21.53,20.41,20.69,31881300
Today-1069,21.53,21.94,21.12,21.57,23640900
Today-1070,22.15,22.19,21.33,21.41,21118900
Today-1071,21.85,22.09,21.61,21.93,15139100
Today-1072,21.72,22.33,21.62,21.83,24380100
Today-1073,21.58,21.97,21.54,21.8,5357500
Today-1074,21.55,21.85,21.3,21.77,15493700
Today-1075,21.41,21.65,21.05,21.24,19408800
Today-1076,21.41,21.56,21.21,21.44,16064200
Today-1077,21.51,21.7,21.31,21.45,14704900
Today-1078,21.9,21.95,21.38,21.74,17696700
Today-1079,21.47,21.92,21.35,21.71,25033800
Today-1080,21.05,21.41,20.79,21.34,23558700
Today-1081,21.06,21.37,21.01,21.2,17000300
Today-1082,20.83,21.16,20.82,21.07,12287000
Today-1083,21.54,21.6,20.8,20.89,20978700
Today-1084,21.38,21.5,20.84,21.25,20511900
Today-1085,21.4,21.98,21.4,21.56,18649800
Today-1086,21.12,21.48,21.06,21.39,17862000
Today-1087,20.95,21.09,20.81,20.88,16971000
Today-1088,20.62,21.06,20.56,20.85,16672600
Today-1089,21.24,21.34,20.67,20.73,23333600
Today-1090,21.32,21.57,20.95,21.27,17491000
Today-1091,20.96,21.5,20.82,21.32,19411000
Today-1092,21.35,21.79,20.74,20.86,27917100
Today-1093,21.25,21.68,21,21.5,32768000
Today-1094,20.35,20.93,20.35,20.83,28742900
Today-1095,20.48,20.64,20.28,20.32,37180400
Today-1096,20.22,20.87,20.15,20.24,32778700
Today-1097,21.18,21.18,20,20.12,51298100
Today-1098,21.99,22,20.91,21.01,93856300
Today-1099,24.8,25.16,24.08,24.23,28866900
Today-1100,24.82,24.9,24.07,24.48,22389400
Today-1101,25.35,25.69,25.14,25.38,17637800
Today-1102,24.57,25.4,24.57,25.23,19334500
Today-1103,24.45,24.72,24.04,24.69,19477300
Today-1104,23.08,24.56,22.87,24.27,29264500
Today-1105,23.21,23.73,22.87,23.14,27613000
Today-1106,24.25,24.62,22.95,23,33851300
Today-1107,24.66,24.8,23.96,24.01,17269600
Today-1108,24.8,25.24,24.6,25.11,16958700
Today-1109,24.1,25.1,23.95,25.03,17804800
Today-1110,24.5,24.51,23.79,24.13,19003800
Today-1111,24.67,25.05,24.4,24.81,17780000
Today-1112,25.33,25.5,24.78,24.85,12659800
Today-1113,25.06,25.3,24.66,25.07,21123600
Today-1114,25.85,26.51,25.27,25.32,26363400
Today-1115,26.6,26.81,25.65,25.99,25054400
Today-1116,26.4,27.17,25.74,26.77,22603500
Today-1117,26.8,26.83,25.64,26.21,24544300
Today-1118,27.58,27.9,26.84,26.98,16525200
Today-1119,27.22,27.56,27.05,27.38,13112900
Today-1120,27.25,27.32,26.41,26.93,14286000
Today-1121,26.58,27.51,26.52,27.32,16643400
Today-1122,27.41,27.65,26.53,26.53,17778700
Today-1123,26.67,27.37,26.64,27.02,13903900
Today-1124,26.58,27.42,26.39,27.15,23240300
Today-1125,26.07,26.67,25.8,26.48,23099800
Today-1126,25.48,26.07,25.36,25.66,18096800
Today-1127,24.76,25.85,24.65,25.8,24465000
Today-1128,23.89,25.01,23.72,24.59,29713200
Today-1129,25.85,26.14,24.51,24.53,20481600
Today-1130,25.2,26.29,24.84,26.22,21731900
Today-1131,25.25,25.25,24.51,24.66,11177100
Today-1132,25.21,25.25,24.68,24.99,11145900
Today-1133,24.54,25.16,24.45,25.03,14537500
Today-1134,23.95,24.6,23.7,24.4,17387100
Today-1135,24.54,24.84,23.85,23.92,17458800
Today-1136,24.69,24.96,24.32,24.56,11790600
Today-1137,25.2,25.31,24.61,24.76,15451200
Today-1138,25.19,25.72,24.75,24.9,23384300
Today-1139,23.9,25.22,23.5,24.88,39247200
Today-1140,23.67,23.71,23.29,23.4,16677800
Today-1141,23.49,24.16,22.52,23.93,35952700
Today-1142,23.15,24.76,23.11,24.2,47965300
Today-1143,21.25,22.68,20.89,22.57,23998200
Today-1144,20.35,20.93,20.18,20.87,16202300
Today-1145,19.93,20.34,19.59,19.87,14492800
Today-1146,19.93,20,19.37,19.78,12414200
Today-1147,19.77,20.19,19.6,20.01,10821300
Today-1148,20.5,20.59,19.75,19.85,15253100
Today-1149,20.28,20.69,19.95,20.12,15491500
Today-1150,20.28,20.85,20.1,20.22,13888400
Today-1151,20.88,21.2,20.12,20.47,20392000
Today-1152,19.46,20.74,19.44,20.45,20769100
Today-1153,19.26,20.03,19.26,19.6,17067300
Today-1154,19.65,19.73,18.84,19.1,21229900
Today-1155,19.28,19.65,19.05,19.39,17206900
Today-1156,18,19.1,17.88,19.1,20559200
Today-1157,18.3,18.62,18.01,18.06,19408500
Today-1158,17.88,18.5,17.57,18.25,19835800
Today-1159,17.48,18.05,17.18,17.8,27054900
Today-1160,17.62,19.46,16.9,17.39,52518400
Today-1161,19.78,19.8,18.23,18.26,39861600
Today-1162,21.9,22.1,21.16,21.65,29694800
Today-1163,20.78,21.66,20.38,21.46,18176400
Today-1164,20.71,21.19,20.08,20.55,16542300
Today-1165,21.35,21.78,20.79,20.92,15526300
Today-1166,22.08,22.3,21.23,21.6,13534900
Today-1167,22.73,23.24,22.1,22.13,18741000
Today-1168,22.9,23.08,22.45,22.84,15741700
Today-1169,22.35,23.08,22.02,22.98,14439900
Today-1170,23.71,23.91,22.33,22.51,15436300
Today-1171,22.82,23.8,22.45,23.56,26986500
Today-1172,24.07,24.39,23.66,23.83,12571800
Today-1173,24.31,24.43,23.83,23.9,11427800
Today-1174,24.48,24.72,24.24,24.6,4720800
Today-1175,24.99,24.99,24.16,24.42,9425800
Today-1176,24.1,24.98,23.86,24.81,10763900
Today-1177,24.33,24.46,23.7,23.89,11872100
Today-1178,24.66,24.66,23.46,24.26,19695500
Today-1179,25.3,25.38,24.37,24.66,10975800
Today-1180,25.75,25.79,25.14,25.14,9151200
Today-1181,25.41,25.89,25.06,25.37,11191700
Today-1182,24.86,25.9,24.75,25.42,12114400
Today-1183,24.9,25.3,24.62,24.87,10364800
Today-1184,25.89,26.02,24.9,24.95,10906300
Today-1185,26.11,26.38,25.5,25.64,11773400
Today-1186,25.4,26.3,25.35,26.11,14018900
Today-1187,24.98,25.72,24.6,25.11,23889400
Today-1188,25.46,26.3,24.15,24.39,23749100
Today-1189,26.8,26.97,25.6,25.68,14336500
Today-1190,27.4,28.03,26.65,26.75,14823500
Today-1191,27.37,27.7,26.23,27.03,30387600
Today-1192,28.94,29.33,27.92,28,17163900
Today-1193,29.1,29.35,28.55,28.95,17954500
Today-1194,30.05,30.14,29.01,29.06,17040000
Today-1195,31.52,31.92,29.95,30.1,20986500
Today-1196,31.05,31.43,30.45,31.39,14406600
Today-1197,30.95,31.23,30.41,30.89,10154600
Today-1198,31.39,31.55,30.31,30.48,11358400
Today-1199,31.19,31.95,30.8,31.63,9684000
Today-1200,31.51,31.51,30.25,30.97,19397300
Today-1201,31.9,32.86,30.58,31.18,20663200
Today-1202,33.72,34,31.55,31.79,16091000
Today-1203,34.45,34.75,32.44,33.18,22340000
Today-1204,34.24,34.96,33.56,34.95,45512900
Today-1205,30.94,31.41,30.45,31.35,16095700
Today-1206,30.9,31.49,30.5,30.77,12438500
Today-1207,30.9,30.96,29.68,30.81,17814800
Today-1208,31.6,32.39,30.67,31.12,11870700
Today-1209,31.7,32.32,31.25,31.66,14195000
Today-1210,33.1,33.1,31.25,31.49,17079300
Today-1211,33.95,33.98,32.83,32.83,12256700
Today-1212,33.69,34.28,33.3,34.16,9054100
Today-1213,34.05,34.42,33.9,33.95,5793900
Today-1214,34.37,34.5,33.62,34.43,8364100
Today-1215,33.46,33.97,33.22,33.95,7674900
Today-1216,32.6,33.36,32.52,33.27,8795800
Today-1217,31.83,32.74,31.83,32.62,8124300
Today-1218,32.52,32.69,31.79,31.79,7409300
Today-1219,32.55,32.67,32,32.35,10359500
Today-1220,32.6,33.21,32.15,32.8,11604900
Today-1221,33.5,33.76,32.57,32.8,10748300
Today-1222,32.81,33.65,32.63,33.41,14060000
Today-1223,31.9,32.9,31.41,32.81,13681900
Today-1224,31.65,31.98,31.41,31.73,12787700
Today-1225,31.54,31.95,31.05,31.38,16645200
Today-1226,31.39,32.24,31.14,31.54,20442800
Today-1227,30.67,31.5,30.42,31.23,22054700
Today-1228,31.91,32,29.97,30.6,31253400
Today-1229,33.31,33.82,31.61,31.8,59470700
Today-1230,34.7,35.75,34.44,35.42,20625100
Today-1231,34.92,35.02,34.12,34.35,9589000
Today-1232,33.62,34.62,33.5,34.57,12231500
Today-1233,34.97,35.09,33.66,33.69,11257200
Today-1234,34.78,35.4,34.1,34.7,13305900
Today-1235,33.75,34.85,33.61,34.78,12961700
Today-1236,33.35,34.05,33.08,33.43,14093100
Today-1237,32.2,33.6,32.17,33.18,21082100
Today-1238,33.6,33.95,32.95,33.16,13412500
Today-1239,34.2,34.35,33.55,33.59,13575600
Today-1240,34.25,34.65,33.5,34.29,21362200
Today-1241,35.25,35.25,33.6,34.09,15484500
Today-1242,35.96,36.08,35.18,35.33,12034800
Today-1243,34.9,36.16,34.75,36.13,11684000
Today-1244,35.05,36.13,34.72,34.75,22653700
Today-1245,33.9,34.71,33.52,34.37,20965500
Today-1246,34.29,38,33.84,34.44,14884900
Today-1247,33.94,34.57,33.72,34.15,9672800
Today-1248,34.01,34.54,33,33.95,17566500
Today-1249,35.5,35.63,33.99,34.08,13168700
Today-1250,35.17,35.59,34.22,35.12,22612800
Today-1251,33.7,35.09,32.59,34.99,42183800
Today-1252,35.5,36,33.76,34,33351700
Today-1253,36,37.42,35.6,36.63,17792500
Today-1254,37.12,37.83,36.19,36.21,14272100
Today-1255,37.88,37.89,36.11,37.09,23692100
Today-1256,39.29,39.58,37.75,38.27,15548700
Today-1257,39.9,40.25,38.43,39.39,18630700
Today-1258,41.76,42.7,39.04,39.51,37913300
Today-1259,40.7,41.34,40.35,41.33,14168300
Today-1260,39,40.37,39,40.07,14392900
Today-1261,40.79,40.9,38.62,38.67,18170500
Today-1262,40.7,41.15,40.57,40.62,6892800
Today-1263,40.65,40.99,40.09,40.54,8208600
Today-1264,40.51,41.2,40.3,40.39,11875000
Today-1265,39.95,40.99,39.37,40.8,13316300
Today-1266,40.58,41.1,39.92,40.05,13749200
Today-1267,40,41.06,39.73,40.33,20792400
Today-1268,40.59,41.82,40.25,41.74,11518600
Today-1269,40,40.47,39.5,40.24,8998400
Today-1270,39.3,40.31,38.32,40.22,14017400
Today-1271,39.88,39.9,38.65,38.96,10882700
Today-1272,40.1,40.55,39.17,40.1,10441100
Today-1273,41.1,42.09,39.91,40.06,12388500
Today-1274,41.35,41.65,40.17,40.86,10384900
Today-1275,41,41.27,40.05,41.01,11148500
Today-1276,40.1,41.23,39.84,41.22,11577600
Today-1277,41.06,41.1,39.44,39.54,16461700
Today-1278,41.98,42.42,40.62,41.02,15321600
Today-1279,41.3,42.18,40.52,42.1,15114200
Today-1280,41.05,42.18,40.49,41.8,15234300
Today-1281,39.62,41.65,39.61,41.4,14317200
Today-1282,40.64,40.79,39.36,39.85,14116800
Today-1283,38.82,40.64,38.76,40.41,31427300
Today-1284,37.2,38.38,36.82,38.38,19488200
Today-1285,35.61,36.79,35.17,36.77,26869300
Today-1286,35.85,36.3,34.67,35.47,12079800
Today-1287,36.6,36.8,35.25,35.7,25366000
Today-1288,38.14,38.4,36.5,37.13,42727800
Today-1289,32.6,34.39,32.33,34.15,29724000
Today-1290,32.46,33.12,32.15,32.86,20836800
Today-1291,34.19,34.85,33.22,34.13,23081700
Today-1292,36.38,37.46,33.4,35.35,25437700
Today-1293,35.05,36.47,35,36.27,15771200
Today-1294,33.24,34.98,32.91,34.93,16164500
Today-1295,33.75,33.98,33.12,33.25,9951500
Today-1296,33.9,34.25,32.95,33.78,13258200
Today-1297,32.51,33.94,32.51,33.68,13344500
Today-1298,32.5,33.1,32.45,32.56,11275900
Today-1299,31.02,32.58,30.88,32.4,16578800
